percentile,irr,students_educated,avg_earnings_gain,avg_student_utility,avg_remittance_utility,avg_total_utility
Custom,0.044257495321499696,575,597342.8556281734,70.15955428952968,86.10260119302121,167.38389404687908
