percentile,irr,students_educated,avg_earnings_gain,avg_student_utility,avg_remittance_utility,avg_total_utility
p10,0.014600387898901012,280,1060374.142821184,118.09340010266071,116.82412143437918,250.47207764844052
p25,0.04322360179263458,635,1212149.327198424,128.6760971053066,131.02572374369478,276.72948393354875
p50,0.05662259019886391,940,1280537.4727842263,132.50520527079743,137.1783909912046,287.318301992517
p75,0.060937922167977346,1059,1310280.5278082031,132.64328537159963,139.13545752773283,289.54195273206363
p90,0.06946886874851353,1448,1364063.8525628517,132.38442330701594,142.0464040210452,292.35100597959877
