percentile,irr,students_educated,avg_earnings_gain,avg_student_utility,avg_remittance_utility,avg_total_utility
p10,0.014745235754985174,288,1997801.5940401272,200.28324813154651,207.16492018318857,431.4918269122885
p25,0.03803651616030055,539,2762682.0549661894,251.6784875393557,275.5732648426585,557.5187584424074
p50,0.0561763728826032,942,3564868.787491145,299.5780334298829,342.53862244889126,678.295469916345
p75,0.05579922682765678,882,3659087.696701551,298.39328003530716,346.3131057419702,680.9996371348
p90,0.0688516152416854,1419,4265687.3414451275,322.99222275825707,390.08749089612667,752.8766097387908
