percentile,irr,students_educated,avg_earnings_gain,avg_student_utility,avg_remittance_utility,avg_total_utility
p10,0.011989857592780864,276,1037709.9446763755,115.44567634345033,113.74015982043868,244.42394053591013
p25,0.037946118662304865,498,1166646.9860735005,126.2910055310658,126.94924322519917,269.91397739260503
p50,0.05278752029233752,787,1261493.7033996745,132.18702171044077,135.44371572171647,285.1491685798456
p75,0.057492700158507784,904,1299343.765728202,132.23871987133145,138.10655981153462,288.0073281564663
p90,0.06676774586137728,1301,1340963.7861302583,129.86738273765053,139.6267116947247,287.138018159517
