percentile,irr,students_educated,avg_earnings_gain,avg_student_utility,avg_remittance_utility,avg_total_utility
Custom,0.053949416341124073,447,863302.0410348967,77.5104990285297,114.34555281803205,204.68153810388728
