percentile,irr,students_educated,avg_earnings_gain,avg_student_utility,avg_remittance_utility,avg_total_utility
p10,0.02159230158115612,225,679962.151515621,89.57186278136186,69.27116052288616,170.11353749727533
p25,0.04512814766972043,368,843836.4952035439,114.53142718285876,85.00191969479552,212.7351148643696
p50,0.05733976428733447,522,920779.2090338058,116.85633132423631,90.28532845694757,220.72434223815145
p75,0.061393992709787744,546,943902.3757842121,120.43104339616858,92.12631040267007,226.34267828533518
p90,0.07177171734079008,744,1019726.4538254675,125.9268095009822,97.20165155492634,237.39682605000448
