percentile,irr,students_educated,avg_earnings_gain,avg_student_utility,avg_remittance_utility,avg_total_utility
p10,0.01931527725428235,322,782290.1640135664,107.64553421330655,95.90091341428489,217.920661537001
p25,0.04333677252284003,589,863414.2934841075,115.02963236150185,104.4473732430231,234.68090724281728
p50,0.05623651647876241,915,923940.810550679,122.09729152957718,111.06543696620328,249.06482976901873
p75,0.06321073542824394,1137,956316.3426112024,122.49715974249838,113.54956209123162,252.10365028516696
p90,0.06997054675776065,1463,981969.6847772002,121.83514698730964,115.1166652550926,253.06108787232813
