percentile,irr,students_educated,avg_earnings_gain,avg_student_utility,avg_remittance_utility,avg_total_utility
p10,0.02034948185075407,332,2320750.306074491,215.0863160056362,231.5371138078573,472.6205983564453
p25,0.03922083295858829,524,3078035.0342332534,264.90031978329927,298.5638070506532,595.5530279366332
p50,0.05384402591927584,862,3681713.603581416,298.43886989669454,346.39343548685764,681.1242450435897
p75,0.057117965863741495,910,3925386.060066925,306.3602941266154,363.08617505516094,707.0001720021036
p90,0.06729440692053391,1339,4406744.639614395,323.7016001279724,396.3285500266729,760.1598355521859
